"Início dos relatórios","Encerramento dos relatórios","Nome da campanha","Veiculação da campanha",Resultados,"Indicador de resultados","Custo por resultados","Orçamento do conjunto de anúncios","Tipo de orçamento do conjunto de anúncios","Valor gasto (BRL)",Impressões,Alcance,Término,"Configuração de atribuição","Resultados (iniciais)","Indicador de resultados (inicial)"
2026-09-24,2026-09-24,"[VIDEX][ENGAJAMENTO][SITE] Seja Videx",active,,,,6,Diário,1.96,208,198,Contínuo,—,,
2026-09-24,2026-09-24,"[MAISVIDA][ENGAJAMENTO][WPP] Institucional Mais Vida Cabuçu",active,11,actions:link_click,0.45909091,6,Diário,5.05,500,468,Contínuo,"Clique de 7 dias ou visualização de 1 dia",,
2026-09-24,2026-09-24,"[MAISVIDA][ENGAJAMENTO][WPP] Institucional Mais Vida KM 32",active,38,actions:link_click,0.15552632,6,Diário,5.91,944,858,Contínuo,"Clique de 7 dias ou visualização de 1 dia",,
2026-09-23,2026-09-23,"[VIDEX][ENGAJAMENTO][SITE] Seja Videx",active,,,,6,Diário,0,0,0,Contínuo,—,,
2026-09-23,2026-09-23,"[MAISVIDA][ENGAJAMENTO][WPP] Institucional Mais Vida Cabuçu",active,14,actions:link_click,0.28428571,6,Diário,3.98,861,844,Contínuo,"Clique de 7 dias ou visualização de 1 dia",,
2026-09-23,2026-09-23,"[MAISVIDA][ENGAJAMENTO][WPP] Institucional Mais Vida KM 32",active,32,actions:link_click,0.1571875,6,Diário,5.03,617,604,Contínuo,"Clique de 7 dias ou visualização de 1 dia",,
2026-09-22,2026-09-22,"[VIDEX][ENGAJAMENTO][SITE] Seja Videx",active,,,,6,Diário,0,0,0,Contínuo,—,,
2026-09-22,2026-09-22,"[MAISVIDA][ENGAJAMENTO][WPP] Institucional Mais Vida Cabuçu",active,22,actions:link_click,0.25272727,6,Diário,5.56,1743,1632,Contínuo,"Clique de 7 dias ou visualização de 1 dia",,
2026-09-22,2026-09-22,"[MAISVIDA][ENGAJAMENTO][WPP] Institucional Mais Vida KM 32",active,34,actions:link_click,0.15941176,6,Diário,5.42,968,947,Contínuo,"Clique de 7 dias ou visualização de 1 dia",,
2026-09-21,2026-09-21,"[VIDEX][ENGAJAMENTO][SITE] Seja Videx",active,,,,6,Diário,0,0,0,Contínuo,—,,
2026-09-21,2026-09-21,"[MAISVIDA][ENGAJAMENTO][WPP] Institucional Mais Vida Cabuçu",active,28,actions:link_click,0.20964286,6,Diário,5.87,1633,1571,Contínuo,"Clique de 7 dias ou visualização de 1 dia",,
2026-09-21,2026-09-21,"[MAISVIDA][ENGAJAMENTO][WPP] Institucional Mais Vida KM 32",active,33,actions:link_click,0.18242424,6,Diário,6.02,1207,1159,Contínuo,"Clique de 7 dias ou visualização de 1 dia",,
2026-09-20,2026-09-20,"[VIDEX][ENGAJAMENTO][SITE] Seja Videx",active,,,,6,Diário,0,0,0,Contínuo,—,,
2026-09-20,2026-09-20,"[MAISVIDA][ENGAJAMENTO][WPP] Institucional Mais Vida Cabuçu",active,42,actions:link_click,0.24190476,6,Diário,10.16,2669,2451,Contínuo,"Clique de 7 dias ou visualização de 1 dia",,
2026-09-20,2026-09-20,"[MAISVIDA][ENGAJAMENTO][WPP] Institucional Mais Vida KM 32",active,55,actions:link_click,0.18054545,6,Diário,9.93,1599,1478,Contínuo,"Clique de 7 dias ou visualização de 1 dia",,
2026-09-19,2026-09-19,"[VIDEX][ENGAJAMENTO][SITE] Seja Videx",active,,,,6,Diário,0,0,0,Contínuo,—,,
2026-09-19,2026-09-19,"[MAISVIDA][ENGAJAMENTO][WPP] Institucional Mais Vida Cabuçu",active,22,actions:link_click,0.25545455,6,Diário,5.62,1147,1121,Contínuo,"Clique de 7 dias ou visualização de 1 dia",,
2026-09-19,2026-09-19,"[MAISVIDA][ENGAJAMENTO][WPP] Institucional Mais Vida KM 32",active,36,actions:link_click,0.19444444,6,Diário,7,1504,1456,Contínuo,"Clique de 7 dias ou visualização de 1 dia",,
2026-09-18,2026-09-18,"[VIDEX][ENGAJAMENTO][SITE] Seja Videx",active,,,,6,Diário,0,0,0,Contínuo,—,,
2026-09-18,2026-09-18,"[MAISVIDA][ENGAJAMENTO][WPP] Institucional Mais Vida Cabuçu",active,26,actions:link_click,0.19038462,6,Diário,4.95,1104,1091,Contínuo,"Clique de 7 dias ou visualização de 1 dia",,
2026-09-18,2026-09-18,"[MAISVIDA][ENGAJAMENTO][WPP] Institucional Mais Vida KM 32",active,24,actions:link_click,0.2275,6,Diário,5.46,1418,1353,Contínuo,"Clique de 7 dias ou visualização de 1 dia",,
2026-09-17,2026-09-17,"[VIDEX][ENGAJAMENTO][SITE] Seja Videx",active,,,,6,Diário,0,0,0,Contínuo,—,,
2026-09-17,2026-09-17,"[MAISVIDA][ENGAJAMENTO][WPP] Institucional Mais Vida Cabuçu",active,40,actions:link_click,0.20625,6,Diário,8.25,1326,1240,Contínuo,"Clique de 7 dias ou visualização de 1 dia",,
2026-09-17,2026-09-17,"[MAISVIDA][ENGAJAMENTO][WPP] Institucional Mais Vida KM 32",active,40,actions:link_click,0.17675,6,Diário,7.07,1183,1133,Contínuo,"Clique de 7 dias ou visualização de 1 dia",,
2026-09-16,2026-09-16,"[VIDEX][ENGAJAMENTO][SITE] Seja Videx",active,,,,6,Diário,0,0,0,Contínuo,—,,
2026-09-16,2026-09-16,"[MAISVIDA][ENGAJAMENTO][WPP] Institucional Mais Vida Cabuçu",active,15,actions:link_click,0.29866667,6,Diário,4.48,448,333,Contínuo,"Clique de 7 dias ou visualização de 1 dia",,
2026-09-16,2026-09-16,"[MAISVIDA][ENGAJAMENTO][WPP] Institucional Mais Vida KM 32",active,26,actions:link_click,0.14730769,6,Diário,3.83,526,465,Contínuo,"Clique de 7 dias ou visualização de 1 dia",,
2026-09-15,2026-09-15,"[VIDEX][ENGAJAMENTO][SITE] Seja Videx",active,,,,6,Diário,0,0,0,Contínuo,—,,
2026-09-15,2026-09-15,"[MAISVIDA][ENGAJAMENTO][WPP] Institucional Mais Vida Cabuçu",active,27,actions:link_click,0.08851852,6,Diário,2.39,321,213,Contínuo,"Clique de 7 dias ou visualização de 1 dia",,
2026-09-15,2026-09-15,"[MAISVIDA][ENGAJAMENTO][WPP] Institucional Mais Vida KM 32",active,25,actions:link_click,0.0944,6,Diário,2.36,375,281,Contínuo,"Clique de 7 dias ou visualização de 1 dia",,
2026-09-14,2026-09-14,"[VIDEX][ENGAJAMENTO][SITE] Seja Videx",active,,,,6,Diário,0,0,0,Contínuo,—,,
2026-09-14,2026-09-14,"[MAISVIDA][ENGAJAMENTO][WPP] Institucional Mais Vida Cabuçu",active,,,,6,Diário,0,0,0,Contínuo,"Clique de 7 dias ou visualização de 1 dia",,
2026-09-14,2026-09-14,"[MAISVIDA][ENGAJAMENTO][WPP] Institucional Mais Vida KM 32",active,,,,6,Diário,0,0,0,Contínuo,"Clique de 7 dias ou visualização de 1 dia",,
2026-09-13,2026-09-13,"[VIDEX][ENGAJAMENTO][SITE] Seja Videx",active,,,,6,Diário,0,0,0,Contínuo,—,,
2026-09-13,2026-09-13,"[MAISVIDA][ENGAJAMENTO][WPP] Institucional Mais Vida Cabuçu",active,,,,6,Diário,0,0,0,Contínuo,"Clique de 7 dias ou visualização de 1 dia",,
2026-09-13,2026-09-13,"[MAISVIDA][ENGAJAMENTO][WPP] Institucional Mais Vida KM 32",active,,,,6,Diário,0,0,0,Contínuo,"Clique de 7 dias ou visualização de 1 dia",,
2026-09-12,2026-09-12,"[VIDEX][ENGAJAMENTO][SITE] Seja Videx",active,,,,6,Diário,0,0,0,Contínuo,—,,
2026-09-12,2026-09-12,"[MAISVIDA][ENGAJAMENTO][WPP] Institucional Mais Vida Cabuçu",active,,,,6,Diário,0,0,0,Contínuo,"Clique de 7 dias ou visualização de 1 dia",,
2026-09-12,2026-09-12,"[MAISVIDA][ENGAJAMENTO][WPP] Institucional Mais Vida KM 32",active,,,,6,Diário,0,0,0,Contínuo,"Clique de 7 dias ou visualização de 1 dia",,
2026-09-11,2026-09-11,"[VIDEX][ENGAJAMENTO][SITE] Seja Videx",active,,,,6,Diário,0,0,0,Contínuo,—,,
2026-09-11,2026-09-11,"[MAISVIDA][ENGAJAMENTO][WPP] Institucional Mais Vida Cabuçu",active,,,,6,Diário,0,0,0,Contínuo,"Clique de 7 dias ou visualização de 1 dia",,
2026-09-11,2026-09-11,"[MAISVIDA][ENGAJAMENTO][WPP] Institucional Mais Vida KM 32",active,,,,6,Diário,0,0,0,Contínuo,"Clique de 7 dias ou visualização de 1 dia",,
2026-09-10,2026-09-10,"[VIDEX][ENGAJAMENTO][SITE] Seja Videx",active,,,,6,Diário,0,0,0,Contínuo,—,,
2026-09-10,2026-09-10,"[MAISVIDA][ENGAJAMENTO][WPP] Institucional Mais Vida Cabuçu",active,,,,6,Diário,0,0,0,Contínuo,"Clique de 7 dias ou visualização de 1 dia",,
2026-09-10,2026-09-10,"[MAISVIDA][ENGAJAMENTO][WPP] Institucional Mais Vida KM 32",active,,,,6,Diário,0,0,0,Contínuo,"Clique de 7 dias ou visualização de 1 dia",,
2026-09-09,2026-09-09,"[VIDEX][ENGAJAMENTO][SITE] Seja Videx",active,,,,6,Diário,0,0,0,Contínuo,—,,
2026-09-09,2026-09-09,"[MAISVIDA][ENGAJAMENTO][WPP] Institucional Mais Vida Cabuçu",active,,,,6,Diário,0,0,0,Contínuo,"Clique de 7 dias ou visualização de 1 dia",,
2026-09-09,2026-09-09,"[MAISVIDA][ENGAJAMENTO][WPP] Institucional Mais Vida KM 32",active,,,,6,Diário,0,0,0,Contínuo,"Clique de 7 dias ou visualização de 1 dia",,
2026-09-08,2026-09-08,"[VIDEX][ENGAJAMENTO][SITE] Seja Videx",active,,,,6,Diário,0,0,0,Contínuo,—,,
2026-09-08,2026-09-08,"[MAISVIDA][ENGAJAMENTO][WPP] Institucional Mais Vida Cabuçu",active,,,,6,Diário,0,0,0,Contínuo,"Clique de 7 dias ou visualização de 1 dia",,
2026-09-08,2026-09-08,"[MAISVIDA][ENGAJAMENTO][WPP] Institucional Mais Vida KM 32",active,,,,6,Diário,0,0,0,Contínuo,"Clique de 7 dias ou visualização de 1 dia",,
2026-09-07,2026-09-07,"[VIDEX][ENGAJAMENTO][SITE] Seja Videx",active,,,,6,Diário,0,0,0,Contínuo,—,,
2026-09-07,2026-09-07,"[MAISVIDA][ENGAJAMENTO][WPP] Institucional Mais Vida Cabuçu",active,,,,6,Diário,0,0,0,Contínuo,"Clique de 7 dias ou visualização de 1 dia",,
2026-09-07,2026-09-07,"[MAISVIDA][ENGAJAMENTO][WPP] Institucional Mais Vida KM 32",active,,,,6,Diário,0,0,0,Contínuo,"Clique de 7 dias ou visualização de 1 dia",,
2026-09-06,2026-09-06,"[VIDEX][ENGAJAMENTO][SITE] Seja Videx",active,,,,6,Diário,0,0,0,Contínuo,—,,
2026-09-06,2026-09-06,"[MAISVIDA][ENGAJAMENTO][WPP] Institucional Mais Vida Cabuçu",active,,,,6,Diário,0,0,0,Contínuo,"Clique de 7 dias ou visualização de 1 dia",,
2026-09-06,2026-09-06,"[MAISVIDA][ENGAJAMENTO][WPP] Institucional Mais Vida KM 32",active,,,,6,Diário,0,0,0,Contínuo,"Clique de 7 dias ou visualização de 1 dia",,
2026-09-05,2026-09-05,"[VIDEX][ENGAJAMENTO][SITE] Seja Videx",active,,,,6,Diário,0,0,0,Contínuo,—,,
2026-09-05,2026-09-05,"[MAISVIDA][ENGAJAMENTO][WPP] Institucional Mais Vida Cabuçu",active,,,,6,Diário,0,0,0,Contínuo,"Clique de 7 dias ou visualização de 1 dia",,
2026-09-05,2026-09-05,"[MAISVIDA][ENGAJAMENTO][WPP] Institucional Mais Vida KM 32",active,,,,6,Diário,0,0,0,Contínuo,"Clique de 7 dias ou visualização de 1 dia",,
2026-09-04,2026-09-04,"[VIDEX][ENGAJAMENTO][SITE] Seja Videx",active,,,,6,Diário,0,0,0,Contínuo,—,,
2026-09-04,2026-09-04,"[MAISVIDA][ENGAJAMENTO][WPP] Institucional Mais Vida Cabuçu",active,,,,6,Diário,0,0,0,Contínuo,"Clique de 7 dias ou visualização de 1 dia",,
2026-09-04,2026-09-04,"[MAISVIDA][ENGAJAMENTO][WPP] Institucional Mais Vida KM 32",active,,,,6,Diário,0,0,0,Contínuo,"Clique de 7 dias ou visualização de 1 dia",,
2026-09-03,2026-09-03,"[VIDEX][ENGAJAMENTO][SITE] Seja Videx",active,,,,6,Diário,0,0,0,Contínuo,—,,
2026-09-03,2026-09-03,"[MAISVIDA][ENGAJAMENTO][WPP] Institucional Mais Vida Cabuçu",active,,,,6,Diário,0,0,0,Contínuo,"Clique de 7 dias ou visualização de 1 dia",,
2026-09-03,2026-09-03,"[MAISVIDA][ENGAJAMENTO][WPP] Institucional Mais Vida KM 32",active,,,,6,Diário,0,0,0,Contínuo,"Clique de 7 dias ou visualização de 1 dia",,
2026-09-02,2026-09-02,"[VIDEX][ENGAJAMENTO][SITE] Seja Videx",active,,,,6,Diário,0,0,0,Contínuo,—,,
2026-09-02,2026-09-02,"[MAISVIDA][ENGAJAMENTO][WPP] Institucional Mais Vida Cabuçu",active,,,,6,Diário,0,0,0,Contínuo,"Clique de 7 dias ou visualização de 1 dia",,
2026-09-02,2026-09-02,"[MAISVIDA][ENGAJAMENTO][WPP] Institucional Mais Vida KM 32",active,,,,6,Diário,0,0,0,Contínuo,"Clique de 7 dias ou visualização de 1 dia",,
2026-09-01,2026-09-01,"[VIDEX][ENGAJAMENTO][SITE] Seja Videx",active,,,,6,Diário,0,0,0,Contínuo,—,,
2026-09-01,2026-09-01,"[MAISVIDA][ENGAJAMENTO][WPP] Institucional Mais Vida Cabuçu",active,,,,6,Diário,0,0,0,Contínuo,"Clique de 7 dias ou visualização de 1 dia",,
2026-09-01,2026-09-01,"[MAISVIDA][ENGAJAMENTO][WPP] Institucional Mais Vida KM 32",active,,,,6,Diário,0,0,0,Contínuo,"Clique de 7 dias ou visualização de 1 dia",,
2026-08-31,2026-08-31,"[VIDEX][ENGAJAMENTO][SITE] Seja Videx",active,,,,6,Diário,0,0,0,Contínuo,—,,
2026-08-31,2026-08-31,"[MAISVIDA][ENGAJAMENTO][WPP] Institucional Mais Vida Cabuçu",active,,,,6,Diário,0,0,0,Contínuo,"Clique de 7 dias ou visualização de 1 dia",,
2026-08-31,2026-08-31,"[MAISVIDA][ENGAJAMENTO][WPP] Institucional Mais Vida KM 32",active,,,,6,Diário,0,0,0,Contínuo,"Clique de 7 dias ou visualização de 1 dia",,
2026-08-30,2026-08-30,"[VIDEX][ENGAJAMENTO][SITE] Seja Videx",active,,,,6,Diário,0,0,0,Contínuo,—,,
2026-08-30,2026-08-30,"[MAISVIDA][ENGAJAMENTO][WPP] Institucional Mais Vida Cabuçu",active,,,,6,Diário,0,0,0,Contínuo,"Clique de 7 dias ou visualização de 1 dia",,
2026-08-30,2026-08-30,"[MAISVIDA][ENGAJAMENTO][WPP] Institucional Mais Vida KM 32",active,,,,6,Diário,0,0,0,Contínuo,"Clique de 7 dias ou visualização de 1 dia",,
2026-08-29,2026-08-29,"[VIDEX][ENGAJAMENTO][SITE] Seja Videx",active,,,,6,Diário,0,0,0,Contínuo,—,,
2026-08-29,2026-08-29,"[MAISVIDA][ENGAJAMENTO][WPP] Institucional Mais Vida Cabuçu",active,,,,6,Diário,0,0,0,Contínuo,"Clique de 7 dias ou visualização de 1 dia",,
2026-08-29,2026-08-29,"[MAISVIDA][ENGAJAMENTO][WPP] Institucional Mais Vida KM 32",active,,,,6,Diário,0,0,0,Contínuo,"Clique de 7 dias ou visualização de 1 dia",,
2026-08-28,2026-08-28,"[VIDEX][ENGAJAMENTO][SITE] Seja Videx",active,,,,6,Diário,0,0,0,Contínuo,—,,
2026-08-28,2026-08-28,"[MAISVIDA][ENGAJAMENTO][WPP] Institucional Mais Vida Cabuçu",active,,,,6,Diário,0,0,0,Contínuo,"Clique de 7 dias ou visualização de 1 dia",,
2026-08-28,2026-08-28,"[MAISVIDA][ENGAJAMENTO][WPP] Institucional Mais Vida KM 32",active,,,,6,Diário,0,0,0,Contínuo,"Clique de 7 dias ou visualização de 1 dia",,
2026-08-27,2026-08-27,"[VIDEX][ENGAJAMENTO][SITE] Seja Videx",active,,,,6,Diário,0,0,0,Contínuo,—,,
2026-08-27,2026-08-27,"[MAISVIDA][ENGAJAMENTO][WPP] Institucional Mais Vida Cabuçu",active,,,,6,Diário,0,0,0,Contínuo,"Clique de 7 dias ou visualização de 1 dia",,
2026-08-27,2026-08-27,"[MAISVIDA][ENGAJAMENTO][WPP] Institucional Mais Vida KM 32",active,,,,6,Diário,0,0,0,Contínuo,"Clique de 7 dias ou visualização de 1 dia",,
2026-08-26,2026-08-26,"[VIDEX][ENGAJAMENTO][SITE] Seja Videx",active,,,,6,Diário,0,0,0,Contínuo,—,,
2026-08-26,2026-08-26,"[MAISVIDA][ENGAJAMENTO][WPP] Institucional Mais Vida Cabuçu",active,,,,6,Diário,0,0,0,Contínuo,"Clique de 7 dias ou visualização de 1 dia",,
2026-08-26,2026-08-26,"[MAISVIDA][ENGAJAMENTO][WPP] Institucional Mais Vida KM 32",active,,,,6,Diário,0,0,0,Contínuo,"Clique de 7 dias ou visualização de 1 dia",,
